Job ID;Job title (original);Job title (short);Company ID;Company;Country;State;City;Schedule type;Experience years;Seniority;Skills;Degrees;Software
1;¿Quieres trabajar con nosotros?;Unknown;1;Octopus Energy;Spain;Valencia;Valencia;Full-time;Unknown;Unknown;;;
2;Técnico/a de planificación de la demanda;Data Analyst;2;Norauto;Spain;Valencia;Valencia;Full-time;0-3;Unknown;"Data Analysis; Communication; Problem Solving; Organization; Logistics; Stakeholder Management; Supply Chain Management";"Bachelor's Degree; Master's Degree; Engineering";Excel
3;Responsable de Planificación, Seguimiento de Negocio y Operaciones Territorial_DT Levante;Business Analyst;3;AXA;Spain;Valencian Community;Valencia;Unknown;5+;Unknown;"Stakeholder Management; Cross-functional Collaboration";"Bachelor's Degree; Engineering";
4;Player Care - QA Analyst - Monopoly GO!;QA / Test Engineer;4;Scopely;Spain;Andalucía;Sevilla;Unknown;0-3;Unknown;"Communication; Quality Assurance; Stakeholder Management";;"Jira; Excel"
5;Becario de operaciones;Operations Manager;null;Unknown;Spain;Valencian Community;Valencia;Full-time;0-3;Intern;"Stakeholder Management; Cross-functional Collaboration; Communication; Organization; Process Optimization";"Engineering; Higher Education";Excel
6;Product Designer;Product Designer;5;Mercadona Tech;Spain;Valencian Community;Valencia;Full-time;3-5;Mid;"User Research; User-Centered Design; Design Thinking; Wireframing; Prototyping; UI/UX Design; Agile; Stakeholder Management; Cross-functional Collaboration; Communication; Problem Solving";;"Figma; Sketch; Framer"
7;Junior/Beca en Deloitte Legal - Valencia;Consultant;6;Deloitte;Spain;Valencian Community;Valencia;Unknown;0-3;Unknown;"Communication; Problem Solving; Analytical Thinking; Stakeholder Management";"Bachelor's Degree; Master's Degree";
8;Data Analyst (Mobile Games);Data Analyst;null;Unknown;European Union;Unknown;Unknown;Contract;3-5;Mid;"Data Analysis; Data Visualization; Reporting & Dashboards; KPI Dashboards; Funnel Analysis; Attribution Modeling; Business Intelligence; Google Analytics (UA); A/B Testing";;"Excel; Google Analytics"
9;Analytics Business Consultant (m/f/d);Business Analyst;7;BSH Electrodomésticos;Spain;Valencian Community;Valencia;Full-time;0-3;Unknown;"Agile; Scrum; Kanban; Stakeholder Management; Business Intelligence; Security";"Engineering; Other";"Power BI; Jira"
10;Supply Chain Sales Specialist;Consultant;8;Imperia;Spain;Valencian Community;Valencia;Full-time;0-3;Unknown;"Sales enablement understanding; Account Management basics; Communication; Stakeholder Management; Negotiation";;"Slack; Microsoft Teams; Zoom; Google Meet"
11;Sales Representative Specialist - Valencia;Sales Representative;9;Leica Geosystems;Spain;Valencia;Valencia;Full-time;5+;Unknown;"Sales enablement understanding; Account Management basics; Stakeholder Management; Negotiation; Communication";"Engineering; Higher Education";Salesforce
12;E-Commerce Manager;Digital Marketing Specialist;10;Puchol Logistics;Spain;Valencian Community;Valencia;Full-time;0-3;Unknown;"SEO; SEM; Marketing Analytics; Communication; Problem Solving; Analytical Thinking";;Excel
13;Gestor/a Energético/a (Valencia);Customer Success;11;Octopus Energy Spain;Spain;Valencian Community;Valencia;Full-time;0-3;Unknown;"Communication; Customer Success alignment; Sales enablement understanding; Account Management basics; Support escalation processes";;
14;Técnico/a de redes;Network Engineer;12;Prosodie;Spain;Valencian Community;Valencia;Full-time;0-3;Unknown;"Communication; Security; Regulatory Compliance";"Higher Education; Engineering";
15;Backend AI Engineer;ML Engineer;13;Shakers;Spain;Valencian Community;Madrid;Unknown;3-5;Unknown;"Backend Development; Version Control; API; Performance Optimization; Cross-functional Collaboration; CI/CD; DevOps";;"Python; Docker; AWS; Azure; GCP; OpenAI API; Anthropic API; LangChain; LlamaIndex"
16;Especialista en Customer Care;Consultant;1;Octopus Energy;Spain;Valencian Community;Valencia;Full-time;0-3;Unknown;"Communication; Problem Solving; Customer Success alignment";"Higher Education; Vocational Training";Excel
17;Social Media & Content Growth Specialist;Consultant;8;Imperia;Spain;Valencian Community;Valencia;Full-time;3-5;Mid;"Content Marketing; Social Media Marketing; Growth Strategy; Communication; Stakeholder Management";;
18;Salesforce Marketing Cloud;Software Engineer;14;Xplore Group;Spain;Valencian Community;Valencia;Full-time;0-3;Junior;"Agile; Scrum; Kanban; A/B Testing; Data Modeling; API";;"JavaScript; AWS; Azure; Git; GitHub; Jira; Confluence; SQL"
19;Product Owner;Product Owner;15;Mercadona;Spain;Valencian Community;Albalat dels Sorells;Full-time;3-5;Unknown;"Product Strategy; Product Development; Product Launch; Product Roadmapping; Feature Prioritization; User Stories; Requirements Gathering; Market Research; Competitive Analysis; Product Analytics; Stakeholder Management; Cross-functional Collaboration; Executive Communication; Product Lifecycle Management; Agile; Scrum";Engineering;"Jira; Confluence"
20;Product Owner;Product Owner;16;Mercadona IT;Spain;Valencian Community;Albalat dels Sorells;Unknown;3-5;Unknown;"Product Strategy; Product Development; Product Launch; Product Roadmapping; Feature Prioritization; User Stories; Requirements Gathering; Stakeholder Management; Cross-functional Collaboration; Agile; Scrum; Product Lifecycle Management; Communication; Problem Solving; Analytical Thinking";Engineering;"Jira; Confluence"
21;Product Owner – Insight Analytics & AI;Product Owner;null;Unknown;Spain;Valencian Community;Valencia;Full-time;3-5;Unknown;"Product Strategy; Product Development; Product Roadmapping; Feature Prioritization; User Stories; Requirements Gathering; Market Research; Competitive Analysis; Product Analytics; Product Ops support tasks; Opportunity Sizing; Requirement Gathering (detailed); Acceptance Criteria; Stakeholder Management; Cross-functional Collaboration; Executive Communication; OKRs; KPI Definition; Metrics Design; Performance Measurement; Roadmap Communication; Roadmap tradeoff communication; Launch post-mortems and learnings; Data Analysis; Predictive Analytics; Machine Learning; AI; Product-led Growth (PLG); Business Intelligence; A/B Testing; Experimentation; Communication; Presentation Skills; Agile; Scrum; Product Lifecycle Management; Data Pipeline awareness; Product portfolio management (basic); Hypothesis Driven Development; MLOps awareness; Ethical AI awareness";;"Power BI; Tableau; Jira; Confluence; Notion"
22;Product Owner;Product Owner;17;BrainRocket;Spain;Valencian Community;Valencia;Full-time;3-5;Mid;"Agile; Scrum; Stakeholder Management; Communication; Analytical Thinking; Leadership; OKRs; Cross-functional Collaboration";;
23;Product Owner (m/f/d);Product Owner;null;Unknown;Spain;Unknown;Unknown;Unknown;3-5;Unknown;"Product Strategy; Product Development; Product Roadmapping; Feature Prioritization; User Stories; Requirements Gathering; Market Research; Stakeholder Management; Cross-functional Collaboration; Agile; Scrum; Product Analytics; User-Centered Design; UI/UX Design; Product Lifecycle Management; Problem Solving; Analytical Thinking; Communication";;"Jira; Confluence; Figma; Google Analytics"
24;Project Manager;Project Manager;17;BrainRocket;Spain;Valencian Community;Valencia;Full-time;3-5;Unknown;"Project Management; Agile; Scrum; Kanban; SDLC; Time Management; Problem Solving; Communication; Risk Management";;"Jira; Confluence"
25;Manager Nuevos Desarrollos y Oficina Técnica;Project Manager;null;Unknown;Spain;Valencian Community;Valencia;Unknown;5+;Manager;"Project Management; Product Development";Higher Education;
26;Project Manager Técnico JR/ IT Project Manager JR;Project Manager;18;Randstad Digital;Spain;Valencian Community;Madrid;Unknown;0-3;Unknown;"Project Management; Communication; Negotiation; Stakeholder Management; Time Management; Organization";Other;Microsoft Office
27;Beca - Junior Project Manager;Consultant;19;Euro-Funding;Spain;Valencian Community;Valencia;Unknown;0-3;Intern;"Analytical Thinking; Technical Writing";"Engineering; Higher Education";"Microsoft Office; Excel; PowerPoint; Word"
28;Talent Pool | Project Manager de Obra;Project Manager;null;Unknown;Spain;Valencian Community;Valencia;Unknown;3-5;Manager;"Project Management; Stakeholder Management; Communication; Negotiation; Problem Solving";;
29;CP57 Profesional: Jefe de proyecto;Project Manager;20;Greene;Spain;Valencian Community;Elche;Unknown;3-5;Manager;"Project Management; Leadership; Problem Solving; Communication; Stakeholder Management";Engineering;Microsoft Office
30;Project Manager;Project Manager;21;Nunsys Group;Spain;Valencian Community;Valencia;Unknown;5+;Unknown;"Project Management; Agile; Scrum; Stakeholder Management; Cross-functional Collaboration; Communication; Risk Management; Regulatory Compliance; Technical Writing";;"Microsoft Office; Confluence; Jira"
31;Gestor/a de Proyectos de I+D+i;Project Manager;22;AIMPLAS;Spain;Valencian Community;Valencia;Full-time;5+;Unknown;"Project Management; Stakeholder Management; Cross-functional Collaboration; Leadership; Business Acumen; Negotiation; Problem Solving; Communication; Technical Writing; Quality Assurance; Regulatory Compliance; Financial Analysis; Risk Management";"Bachelor's Degree; Master's Degree";Microsoft Office
32;Responsable de proyectos / Comercial;Project Manager;23;Ixina Cocinas Alemanas;Spain;Valencia;Alfafar;Full-time;0-3;Unknown;Stakeholder Management;"Bachelor's Degree; Higher Education";
33;Product Manager PM - Especialista en ticketing y accesos;Consultant;24;Fourvenues;Spain;Valencian Community;Valencia;Full-time;3-5;Mid;"Product Strategy; Product Development; Product Launch; Product Roadmapping; Feature Prioritization; User Stories; Requirements Gathering; Market Research; Competitive Analysis; Product Analytics; Stakeholder Management; Cross-functional Collaboration; Communication; Problem Solving; Analytical Thinking; Business Acumen; OKRs; KPI Definition; Metrics Design; Performance Measurement; Product Ops support tasks; Roadmap Communication; Roadmap tradeoff communication; Launch post-mortems and learnings; Growth Hacking";;
34;¡Buscamos Project Manager de Marketplaces!;Account Manager;25;Sidi Global Market S.L.;Spain;Valencian Community;Alacuás;Unknown;3-5;Mid;"Stakeholder Management; Communication; Reporting & Dashboards; Data Analysis";;Excel
35;Project Manager de Visión artificial e inteligencia artificial;Project Manager;26;AINIA;Spain;Valencian Community;Paterna;Full-time;3-5;Manager;"Project Management; Agile; Stakeholder Management; Cross-functional Collaboration; Communication; Problem Solving; Analytical Thinking";"Bachelor's Degree; Master's Degree; Engineering";"Python; C++; Figma; Jira; Confluence"
36;Gestor/a de Proyectos de obra Interno;Project Manager;27;Claire Joster;Spain;Valencian Community;Petrel;Full-time;5+;Unknown;"Project Management; Stakeholder Management; Negotiation";"Engineering; Higher Education";
37;Project Manager;Project Manager;28;ISTOBAL S.A.;Spain;Valencian Community;L'Alcúdia;Unknown;0-3;Unknown;"Project Management; Agile; Scrum; Kanban; Risk Management; Stakeholder Management; Cross-functional Collaboration; Process Optimization";"Engineering; Master's Degree";"Jira; Microsoft Office"
38;IT Project Manager;Project Manager;29;GRUPO CASFID;Spain;Valencian Community;Valencia;Unknown;5+;Manager;"Project Management; Scrum; Kanban; Stakeholder Management; Communication; Problem Solving; Analytical Thinking; Leadership; Agile; Software Development";Engineering;"Jira; Confluence; SQL"
39;Ingeniero de proyecto;Project Manager;30;García Carrión;Spain;Valencian Community;Segorbe;Unknown;3-5;Unknown;Project Management;Engineering;
40;Project Manager;Project Manager;null;Unknown;Spain;Valencian Community;Valencia;Full-time;3-5;Mid;"Project Management; Communication; Problem Solving; Technical Writing; Training";Engineering;
41;Ingeniero/a de Soporte a Gestión de Proyecto - Sector Calderería Industrial (Valencia) (ç);Project Manager;31;BETWEEN;Spain;Valencia;Paterna;Full-time;3-5;Mid;"Project Management; Stakeholder Management; Communication; Problem Solving";Engineering;"Excel; Word"
42;Consultor/a / PM Dynamics BC;Project Manager;32;Q-tech;Spain;Unknown;Unknown;Unknown;5+;Senior;"Stakeholder Management; Cross-functional Collaboration; Project Management";;Microsoft Office
43;LLP - TMS of Tomorrow Project - Quality Manager;Quality Analyst;null;Unknown;Spain;Valencian Community;Valencia;Full-time;3-5;Manager;"Project Management; Change Management; Agile; Waterfall; Lean; Six Sigma; Stakeholder Management; Communication; Process Optimization; Supply Chain Management; Risk Management; Auditing; Regulatory Compliance; Quality Assurance; Quality Control";"Higher Education; Engineering";"Excel; PowerPoint; Word"
44;Buscamos: Creativo/A 360O Project Manager;Project Manager;null;Unknown;Spain;Valencian Community;Alicante;Full-time;Unknown;Manager;"Stakeholder Management; Executive Communication; Cross-functional Collaboration";;"Photoshop; Premiere Pro; After Effects; Canva; Notion; Google Analytics"
45;Proyect Manager;Project Manager;33;Grupo Elecnor;Spain;Comunidad Valenciana;Castellón;Full-time;3-5;Unknown;"Project Management; Stakeholder Management; Leadership";Engineering;
46;Software Project Manager;Project Manager;34;Preference;Spain;Valencian Community;Valencia;Full-time;5+;Manager;"Project Management; Stakeholder Management; Communication; Problem Solving; Process Optimization";"Engineering; Higher Education";"Jira; Excel"
47;Project Manager - Product Improvements;Project Manager;35;Sonova;Spain;Valencian Community;Alicante;Unknown;3-5;Manager;"Project Management; Change Management; Process Optimization; Communication; Problem Solving; Team Management; Cross-functional Collaboration; Stakeholder Management";Engineering;Microsoft Teams
48;New Product Introduction (NPI) Senior Expert;Project Manager;36;PowerCo;Spain;Valencian Community;Valencia;Full-time;5+;Unknown;"Project Management; Stakeholder Management; Cross-functional Collaboration; Process Optimization; Problem Solving; Critical Thinking; Analytical Thinking; Leadership; Team Management; Mentoring; Communication; Risk Management; Technical Writing; Quality Assurance; Statistical Analysis; Data Analysis";"Master's Degree; Engineering; Automotive Engineering; Chemical Engineering; Mechanical Engineering";
49;Development Manager;Project Manager;37;31st Union;Spain;Valencian Community;Valencia;Full-time;5+;Manager;"Project Management; Stakeholder Management; Cross-functional Collaboration; Communication; Risk Management; Problem Solving; Leadership; Team Management";;"Jira; Confluence"
50;RESPONSABLE PROYECTOS I+D+I;Project Manager;38;Importaco;Spain;Valencian Community;Beniparrell;Unknown;3-5;Unknown;"Project Management; Stakeholder Management; Communication; Process Optimization; Analytical Thinking; Regulatory Compliance";"Engineering; PhD";"Excel; PowerPoint; Word; Outlook; Google Workspace"
51;Scrum Master;Project Manager;17;BrainRocket;Spain;Valencian Community;Valencia;Full-time;3-5;Mid;"Agile; Scrum; Kanban; Project Management; Stakeholder Management; Cross-functional Collaboration; Communication; Problem Solving; Facilitation";;"Jira; Trello"
52;Project Manager - Promotora Inmobiliaria;Project Manager;39;WeHunt;Spain;Valencian Community;Alicante;Unknown;5+;Manager;"Project Management; Stakeholder Management; Negotiation; Leadership";Engineering;Microsoft Office
53;Project Key Account Manager -Eastern Spain;Account Manager;40;GROHE;Spain;Valencian Community;Unknown;Unknown;5+;Unknown;"Strategic Thinking; Stakeholder Management";"Engineering; Other";"Salesforce; Google Workspace"
54;Coordinador/a Lider técnico/a de proyectos IT/Software;Project Manager;41;Inetum Valencia;Spain;Valencian Community;Valencia;Unknown;5+;Senior;"Project Management; Leadership; Stakeholder Management; Communication";;
55;Operational Excellence Manager - 1014784576;Operations Manager;42;Leadtech;Spain;Catalunya;Barcelona;Full-time;5+;Manager;"Agile; Lean; Six Sigma; Project Management; Cross-functional Collaboration; Stakeholder Management; Communication; Analytical Thinking; Problem Solving; Risk Management; Process Optimization; KPI Definition; Data Analysis";"Bachelor's Degree; Engineering; Business Administration; Computer Science";"Jira; Confluence"
56;Change manager;Unknown;43;NTT DATA;Spain;Valencian Community;Alicante;Unknown;Unknown;Unknown;"Change Management; Stakeholder Management; Communication; Process Optimization";;
57;Project Manager;Project Manager;44;Vortex;Spain;Valencian Community;Silla;Full-time;3-5;Mid;"Project Management; Communication; Problem Solving; Time Management; Training";Engineering;
58;Internship - Program Management 1 1;Project Manager;45;Celestica Valencia S.A.;Spain;Valencian Community;Valencia;Internship;0-3;Intern;"Project Management; Communication; Problem Solving";;"Excel; PowerPoint; Word"
59;Senior SAP QM/PM Consultant;Consultant;46;Westernacher Consulting;Spain;Valencian Community;Valencia;Full-time;5+;Senior;"Project Management; Stakeholder Management; Communication; Cross-functional Collaboration; Quality Assurance";;
60;Project Manager – Client integrations;Implementation / Onboarding Manager;47;Apex Group;Spain;Valencian Community;Valencia;Full-time;0-3;Unknown;"Project Management; Stakeholder Management; Communication; Regulatory Compliance";Bachelor's Degree;
61;PROJECT MANAGER SAT;Technical Support Engineer;null;Unknown;Spain;Valencian Community;Museros;Full-time;5+;Lead;"Communication; Technical Writing";"Engineering; Higher Education";
62;Service Delivery Manager;Operations Manager;48;Omada;Spain;Valencian Community;Alicante;Full-time;5+;Manager;"Stakeholder Management; Communication; Problem Solving; Process Optimization; Information Security; Change Management; Leadership";;Microsoft Office
63;Chargé de projet;Project Manager;49;Avantis Coopérative;Canada;Québec;Sainte-Marie;Full-time;3-5;Mid;"Project Management; Stakeholder Management; Cross-functional Collaboration; Communication";Higher Education;
64;PROJECT MANAGER SALESFORCE;Project Manager;50;Aquaservice;Spain;Valencia;Paterna;Full-time;5+;Manager;"Project Management; Stakeholder Management; Communication; Problem Solving";;Salesforce
65;Projects & BIM Manager;Project Manager;51;Brandty;Spain;Valencian Community;Guardamar del Segura;Full-time;5+;Manager;"Project Management; Stakeholder Management; Regulatory Compliance; Risk Management";"Bachelor's Degree; Master's Degree; Engineering";"Microsoft Office; Excel; PowerPoint; Word; Outlook"
66;Salesforce Project Manager;Project Manager;52;Omega CRM;Spain;Valencian Community;Alicante;Full-time;5+;Manager;"Project Management; Agile; Scrum; Stakeholder Management; Cross-functional Collaboration";;"Jira; Salesforce"
67;EU Project Manager;Assistant;53;Incubadora CON VALORES;Spain;Valencia;Valencia;Full-time;3-5;Unknown;"Project Management; Cross-functional Collaboration";;"Microsoft Office; Excel; PowerPoint; Word; Outlook; Google Workspace"
68;PROJECT MANAGER PARA SERVICIO DE MANTENIMIENTO EN CA9O (VALENCIA);Project Manager;54;Germania;Spain;Valencian Community;Valencia;Full-time;3-5;Manager;"Project Management; Stakeholder Management; Cross-functional Collaboration; Regulatory Compliance; Leadership; Team Management";Engineering;
69;Logistic Automation Project Manager;Operations Manager;55;Power Electronics;Spain;Valencian Community;Valencia;Unknown;5+;Unknown;"Project Management; Process Optimization; Logistics; Stakeholder Management; Training; Mentoring; Leadership; Team Management";Engineering;"Microsoft Office; Excel; PowerPoint; Word"
70;PM/SDM comunicaciones (Alicante);Project Manager;56;Métrica;Spain;Valencian Community;Sabadell;Unknown;5+;Manager;Project Management;;
71;JOIN OUR PRODUCT MANAGEMENT TEAM!;Product Manager;57;SanLucar;Spain;Valencian Community;Puzol;Full-time;3-5;Unknown;"Product Strategy; Market Research; Competitive Analysis; Negotiation; Supply Chain Management; Logistics";Higher Education;
72;Product Manager - TOS UI;Product Manager;58;Kaleris;Spain;Valencian Community;Valencia;Full-time;5+;Manager;"Product Development; Requirements Gathering; Stakeholder Management; Cross-functional Collaboration; Technical Specification; Quality Assurance";;
73;New Product Introduction (NPI) Expert;Project Manager;36;PowerCo;Spain;Valencian Community;Valencia;Full-time;0-3;Unknown;"Project Management; Cross-functional Collaboration; Stakeholder Management; Risk Management; Process Optimization; Technical Writing";"Master's Degree; Engineering";"Microsoft Office; Excel; PowerPoint; Word; Outlook; Google Workspace"
74;CATEGORY/PRODUCT MANAGER;Product Manager;59;Sp-Berner;Spain;Valencian Community;Aldaya;Unknown;3-5;Manager;"Market Research; Brand Design; Stakeholder Management; Communication; Leadership; Cross-functional Collaboration; Analytical Thinking; Strategic Thinking";"Higher Education; Other";"Excel; PowerPoint"
75;JOIN OUR PRODUCT MANAGEMENT TEAM!;Product Manager;60;SanLucarian;Spain;Valencian Community;Puzol;Full-time;0-3;Unknown;"Market Research; Competitive Analysis; Negotiation; Communication; Stakeholder Management";"Engineering; Bachelor's Degree";
76;Product Manager - TOS UI;Product Manager;61;Navis;Spain;Valencian Community;Valencia;Full-time;5+;Manager;"Stakeholder Management; Cross-functional Collaboration; Requirements Gathering; Product Development; Product Analytics; Product Roadmapping; User Stories; Feature Prioritization";;"Jira; Confluence"
77;New Product Introduction (NPI) Expert;Process Analyst;62;PowerCo Spain;Spain;Valencian Community;Valencia;Full-time;0-3;Unknown;"Process Optimization; Regulatory Compliance; Quality Assurance; Quality Control; Data Analysis";"Master's Degree; Engineering";
78;OPERATIONAL PRODUCT MANAGER H/M (46);Operations Manager;null;Unknown;Spain;Valencian Community;Valencia;Unknown;5+;Manager;"Stakeholder Management; Regulatory Compliance; Process Optimization; Supply Chain Management; Logistics; Negotiation";"Master's Degree; Higher Education";"Microsoft Office; Excel; Word; Outlook"
79;Product Manager;Product Manager;63;Avantio;Spain;Valencian Community;Valencia;Full-time;3-5;Manager;"Product Development; Product Roadmapping; Stakeholder Management; Cross-functional Collaboration; Requirements Gathering; Market Research; Competitive Analysis; KPI Definition; Metrics Design";;"Jira; Confluence"
80;Product Manager;Product Manager;64;Cecotec;Spain;Valencian Community;Valencia;Full-time;3-5;Unknown;"Product Development; Market Research; Business Acumen; Stakeholder Management";Bachelor's Degree;Excel
81;Product Manager;Product Manager;17;BrainRocket;Spain;Valencian Community;Valencia;Full-time;0-3;Mid;"Product Strategy; Market Research; Competitive Analysis; Stakeholder Management; Cross-functional Collaboration; Problem Solving; Analytical Thinking";;
82;ESG Associate Product Specialist;Product Manager;47;Apex Group;Spain;Valencian Community;Valencia;Full-time;3-5;Mid;"Project Management; Product Development; Market Research; Competitive Analysis; Stakeholder Management; Communication; Problem Solving; Analytical Thinking; Data Analysis; Data Visualization";"Bachelor's Degree; Master's Degree";SQL
83;Senior Product Manager - Omnia;Product Manager;65;Confluence;Spain;Valencian Community;Valencia;Full-time;5+;Manager;"Stakeholder Management; Cross-functional Collaboration; Regulatory Compliance; Change Management; Communication; Problem Solving; Critical Thinking; Analytical Thinking; Business Acumen; Process Optimization; Leadership";"Bachelor's Degree; Engineering; Other";"Salesforce; Jira; Confluence"
84;Product & Quality Assurance Manager – Sector Espacio y Defensa;Quality Assurance Specialist;null;Unknown;European Union;Unknown;Unknown;Unknown;5+;Manager;"Quality Assurance; Regulatory Compliance; Risk Management; Software Development";"Engineering; Other";Microsoft Office
85;Crypto Product manager;Product Manager;17;BrainRocket;Spain;Valencian Community;Valencia;Full-time;0-3;Unknown;"Product Strategy; Product Development; Product Launch; Product Roadmapping; Feature Prioritization; Market Research; Competitive Analysis; Product Analytics; Stakeholder Management; Cross-functional Collaboration; Problem Solving; Analytical Thinking";;
86;Sr Product Manager;Product Manager;66;EFI;Spain;Valencian Community;Castellón de la Plana;Unknown;5+;Senior;"Product Development; Product Launch; Product Strategy; Market Research; Competitive Analysis; Stakeholder Management; Cross-functional Collaboration; Executive Communication; Pricing Strategy; Business Model Design; Financial Analysis; Technical Writing; Communication; Problem Solving; Leadership";Bachelor's Degree;
87;Administrativo/a en calidad de producto;Quality Analyst;67;ALE-HOP;Spain;Valencian Community;Oliva;Full-time;3-5;Unknown;"Regulatory Compliance; Quality Assurance";Bachelor's Degree;Microsoft Office
88;Brands Product Manager Team lead;Product Manager;17;BrainRocket;Spain;Valencian Community;Valencia;Full-time;5+;Lead;"Project Management; Stakeholder Management; Cross-functional Collaboration; Communication; Team Management; Strategic Thinking; Leadership; Regulatory Compliance";;"Jira; Confluence; Figma"
89;PRODUCT PLANNER;Product Manager;57;SanLucar;Spain;Valencian Community;Puzol;Full-time;3-5;Unknown;"Stakeholder Management; Cross-functional Collaboration; Communication; Analytical Thinking; Problem Solving; Process Optimization";Bachelor's Degree;Excel
90;ESG Associate Product Manager;Product Analyst;47;Apex Group;Spain;Valencian Community;Valencia;Full-time;0-3;Mid;"Product Strategy; Product Development; Product Roadmapping; Feature Prioritization; User Stories; Requirements Gathering; Market Research; Competitive Analysis; Product Analytics; User Research; UI/UX Design; Agile; Stakeholder Management; Cross-functional Collaboration; Communication; Problem Solving; Analytical Thinking; Product Lifecycle Management; A/B Testing; Data Analysis; Data Visualization; Usability Testing; KPI Definition";"Bachelor's Degree; Master's Degree; Engineering";"Jira; Figma; Slack; Microsoft Teams; Zoom; Google Meet; Miro; Mural; Whimsical; Lucidchart; Jamboard; FigJam; MS Whiteboard; Dropbox; Google Drive; OneDrive; Box; Microsoft Office; Excel; PowerPoint; Word; Outlook; Google Workspace; Notion; Confluence; Tableau; Power BI; Looker; Mode; Metabase; Redash; Superset"
91;ESG Product Manager;Product Manager;47;Apex Group;Spain;Valencian Community;Valencia;Full-time;5+;Manager;"Product Strategy; Product Development; Product Roadmapping; Feature Prioritization; User Stories; Requirements Gathering; Market Research; Competitive Analysis; Product Analytics; Stakeholder Management; Cross-functional Collaboration; Communication; Problem Solving; Analytical Thinking; Agile; User Research; Wireframing; UI/UX Design; Product Lifecycle Management; Product Launch; Launch Planning; Experimentation; Product Ops support tasks; Technical Writing";"Bachelor's Degree; Master's Degree; Engineering";"SQL; Tableau; Power BI; Google Analytics; Looker; Figma; Sketch; Adobe XD; Jira; Confluence; Trello; Asana; Monday.com; Microsoft Office; Excel; PowerPoint; Word; Outlook; Google Workspace"
92;Senior Product Manager (Payments Platform, Disbursements);Product Manager;68;Flywire;Spain;Valencian Community;Valencia;Full-time;5+;Senior;"Product Roadmapping; Stakeholder Management; Cross-functional Collaboration; Communication; Problem Solving; Analytical Thinking";;
93;Senior Product Manager - native Enterprise AI;Product Manager;69;Maisa;Spain;Valencian Community;Valencia;Full-time;5+;Senior;"Product Strategy; Product Development; Product Roadmapping; Feature Prioritization; User Stories; Requirements Gathering; Market Research; Competitive Analysis; Product Analytics; Growth Hacking; Product Ops support tasks; Opportunity Sizing; Requirement Gathering (detailed); Acceptance Criteria; Go-to-Market (GTM); Launch Planning; Pricing Strategy; Business Model Design; Subscription Models; Churn Reduction; Customer Segmentation; Jobs To Be Done (JTBD); Roadmap Prioritization; Stakeholder Management; Cross-functional Collaboration; Executive Communication; OKRs; KPI Definition; Metrics Design; Performance Measurement; Roadmap Communication; Roadmap tradeoff communication; Launch post-mortems and learnings; Growth Strategy; Product-led Growth (PLG); PLG; User Acquisition; Acquisition Channels (Paid / Organic); Paid Acquisition; Landing Page Conversion Optimization; Monetization; Monetization Strategy; Average Order Value (AOV); AOV; Lifetime Value (LTV / CLTV); LTV; Customer Acquisition Cost (CAC); ARPU ...";;"AWS; Azure; GCP; Figma; Jira; Confluence; Salesforce; GraphQL"
94;CX Operations & Automation Project Manager;Project Manager;70;Groupon;Spain;Valencian Community;Madrid;Unknown;5+;Manager;"Project Management; Agile; Scrum; Stakeholder Management; Cross-functional Collaboration; Data Analysis; Business Intelligence; Process Optimization; AI; Communication; Problem Solving; Analytical Thinking; KPI Definition";"Bachelor's Degree; Engineering";"Tableau; Salesforce; Excel; Asana; Google Workspace; Jira; Confluence; Google Analytics"
95;IT Business Analyst con Francés;Business Analyst;71;Sopra Steria;Spain;Valencian Community;Valencia;Full-time;3-5;Unknown;"Communication; Requirements Gathering; Process Optimization; Analytical Thinking; Problem Solving; Stakeholder Management";;
96;Business Operations;Project Manager;8;Imperia;Spain;Valencian Community;Valencia;Full-time;0-3;Unknown;"Project Management; Process Optimization";"Engineering; Bachelor's Degree";"SQL; SQL Server; Oracle"
97;Branch Operations Supervisor - Valencia;Assistant;72;Indie Campers;Spain;Valencian Community;Valencia;Full-time;0-3;Junior;"Communication; Problem Solving";;
98;IT Business Analyst;Business Analyst;73;ERNI;Spain;Valencian Community;Valencia;Unknown;5+;Senior;"Agile; SDLC; Stakeholder Management; Cross-functional Collaboration; Communication; Problem Solving; Analytical Thinking";;"HTML; CSS; JavaScript; TypeScript; Jira; Confluence"
99;Strategy & Operations Manager (Design);Operations Manager;74;Revolut;Spain;Unknown;Unknown;Unknown;0-3;Manager;"Project Management; Stakeholder Management; Cross-functional Collaboration";Bachelor's Degree;
100;IT Project Manager & Analyst;Project Manager;75;Lambda Executive;Spain;Valencian Community;Valencia;Full-time;3-5;Unknown;"Project Management; Scrum; Stakeholder Management; Communication; Problem Solving; Software Development; Quality Assurance; Regulatory Compliance";"Bachelor's Degree; Master's Degree";"Python; Jira; Power BI; Grafana; PostgreSQL; Docker; Kubernetes; AWS; Azure"
101;Product Analyst – Optimización de flujos de compra y configuración;Product Analyst;24;Fourvenues;Spain;Valencian Community;Valencia;Full-time;3-5;Mid;"Data Analysis; Data Visualization; Statistical Analysis; A/B Testing; Experiment Design; Experiment Analysis; Cohort Analysis; Funnel Analysis; Product Strategy; Stakeholder Management; KPI Definition; Data-driven decision making";;"Python; R; SQL; Tableau; Power BI; Looker; Mixpanel; Amplitude; GA4; Google Analytics"
102;Customer Support Analyst;Technical Support Engineer;null;Unknown;Spain;Valencian Community;Valencia;Unknown;0-3;Unknown;"Communication; Problem Solving; Technical Writing";"Bachelor's Degree; Engineering";Python
103;Ventures Analyst;Research Analyst;76;Plug and Play Tech Center;Spain;Valencian Community;Valencia;Full-time;0-3;Unknown;"Stakeholder Management; Communication; Analytical Thinking; Problem Solving; Strategic Thinking";"Master's Degree; Engineering; Business; Economics";
104;RETAIL BUSINESS ANALYST;Business Analyst;77;JYSK;Spain;Valencian Community;Cheste;Full-time;3-5;Unknown;Financial Analysis;Higher Education;"Microsoft Office; Excel"
105;Data/AI Analyst (prácticas);Data Analyst;78;Improven;Spain;Valencian Community;Valencia;Full-time;0-3;Intern;"Data Analysis; Data Visualization; Statistical Analysis; Predictive Analytics; Machine Learning; AI; Natural Language Processing; NLP; Data Pipeline; ETL";Bachelor's Degree;"Python; R; SQL; Java; Power BI; Azure; Databricks; TensorFlow; PyTorch; Scikit-learn"
106;Junior Portfolio Analyst;Data Analyst;79;FundRock;Spain;Valencian Community;Valencia;Unknown;0-3;Unknown;"Data Analysis; Business Intelligence; Data Visualization; Financial Analysis; Problem Solving; Communication; Stakeholder Management; Regulatory Compliance";Bachelor's Degree;"Excel; Microsoft Office"
107;VALENCIA OPERATIONS MANAGER;Operations Manager;80;GNV;Spain;Comunitat Valenciana;Valencia;Full-time;5+;Manager;"Communication; Negotiation; Problem Solving; Process Optimization; Logistics";"Bachelor's Degree; Master's Degree";
108;Netowrk Security Analyst;Security Engineer;16;Mercadona IT;Spain;Valencian Community;Albalat dels Sorells;Unknown;3-5;Unknown;"Security; Cybersecurity; Information Security; Risk Management";Higher Education;
109;Product Data Analyst – User dashboards B2B2C;Data Analyst;24;Fourvenues;Spain;Valencian Community;Valencia;Full-time;3-5;Mid;"Data Analysis; Data Visualization; Data-driven decision making; Business Intelligence; Stakeholder Management; Communication";;"SQL; Tableau; Looker; TypeScript; Jira; Confluence; Productboard"
110;LLP - Operations Excellence Manager;Operations Manager;81;DHL Supply Chain;Spain;Valencian Community;Valencia;Unknown;5+;Manager;"Project Management; Change Management; Stakeholder Management; Communication; Problem Solving; Team Management; Leadership; Risk Management; Process Optimization; Analytical Thinking";Bachelor's Degree;"Excel; PowerPoint; Word; Outlook"
111;Junior Analyst – Project Finance and M&A;Research Analyst;82;Prosolia Energy;Spain;Valencian Community;Valencia;Unknown;3-5;Junior;"Financial Analysis; Risk Management";"Bachelor's Degree; Master's Degree; Engineering";Excel
112;Business Analyst (with German);Business Analyst;83;One.O;Spain;Valencian Community;Valencia;Full-time;3-5;Mid;"Data Analysis; Agile; Stakeholder Management; Requirements Gathering; Data Modeling; Communication; Training";Other;SQL
113;Event & Operations Coordinator;Operations Manager;null;Unknown;Spain;Valencian Community;Valencia;Unknown;0-3;Unknown;"Organization; Time Management";;
114;System Analyst;Business Analyst;17;BrainRocket;Spain;Valencian Community;Valencia;Full-time;5+;Mid;"Requirement Gathering (detailed); System Design awareness; Analytical Thinking; Communication; Problem Solving; Agile; Scrum";Bachelor's Degree;"SQL; Jira; Confluence"
115;Strategy & Operations Analyst - Becario/a (Valencia);Operations Manager;84;Hello Watt;Spain;Valencian Community;Valencia;Full-time;0-3;Unknown;"Analytical Thinking; Problem Solving; Business Acumen; Communication; Stakeholder Management";;Excel
116;Talent Pool | Real Estate Analyst;Data Analyst;85;Inversiva;Spain;Valencian Community;Valencia;Unknown;0-3;Unknown;Financial Analysis;"Engineering; Bachelor's Degree";Excel
117;Investment and Operations Intern (6-12 months);Unknown;86;NatureRe Capital;Spain;Valencian Community;Valencia;Full-time;0-3;Intern;"Project Management; Market Research; Financial Analysis; Sales enablement understanding";Other;"Python; R; VBA; Microsoft Office; Excel; PowerPoint; Word"
118;Valuations & Portfolio Reporting Analyst;Business Analyst;null;Unknown;Spain;Valencian Community;Valencia;Unknown;0-3;Unknown;"Financial Analysis; Auditing";"Master's Degree; Bachelor's Degree";Excel
119;Snr Operations Manager;Operations Manager;87;IC Resources;Spain;Valencian Community;Valencia;Full-time;5+;Manager;"Process Optimization; Supply Chain Management; Quality Assurance; Quality Control; Stakeholder Management; Cross-functional Collaboration; Supplier / Vendor Management";;
120;Senior Credit Risk Analyst;Risk Analyst;11;Octopus Energy Spain;Spain;Valencian Community;Valencia;Full-time;5+;Lead;"Data Analysis; Stakeholder Management; Negotiation; Communication; Problem Solving; Critical Thinking; Analytical Thinking";;"SQL; Python; Excel"
121;Operations Planner & Business Support;Operations Manager;88;Yusen Logistics;Spain;Valencian Community;Valencia;Full-time;0-3;Unknown;"Customer Success alignment; Account Management basics";Other;"Microsoft Office; Excel; PowerPoint; Word; Outlook; Google Workspace"
122;Ndt Manager;Operations Manager;null;Unknown;Spain;Valencian Community;Valencia;Unknown;5+;Manager;"Team Management; Stakeholder Management";;
123;Operations Manager, West Europe;Operations Manager;89;Intrepid;Spain;Valencian Community;Valencia;Full-time;5+;Manager;"Cross-functional Collaboration; Process Optimization; Stakeholder Management";;Microsoft Office
124;Governance Risk & Compliance Analyst;Compliance / Regulatory Specialist;90;XTEL;European Union;Unknown;Unknown;Full-time;3-5;Unknown;"Risk Management; Regulatory Compliance; Auditing; Process Optimization; Stakeholder Management; Communication; Problem Solving";;"Microsoft Office; Azure"
125;Portfolio Analyst;Research Analyst;79;FundRock;Luxembourg;Valencian Community;Luxembourg;Unknown;3-5;Unknown;"Financial Analysis; Risk Management; Communication; Problem Solving";Bachelor's Degree;"Excel; Microsoft Office"
126;Senior Analyst (Growth);Product Analyst;91;Simple Life;European Economic Area;Unknown;Unknown;Unknown;5+;Senior;"Data Analysis; Data Visualization; Statistical Analysis; Predictive Analytics; Machine Learning; A/B Testing; Hypothesis Testing; Funnel Analysis; Cohort Analysis; Experiment Design; Experiment Analysis; Stakeholder Management; Communication; Business Intelligence; Data Warehousing; Experimentation";;"Python; Looker; Tableau; Power BI; Airflow; dbt; XGBoost; LightGBM; Slack; Microsoft Teams; Zoom; Google Meet; SQL"
127;Finance Operations Intern;Unknown;68;Flywire;Spain;Valencian Community;Valencia;Internship;0-3;Intern;Communication;Bachelor's Degree;Excel
128;Group Financial Reporting Analyst;Unknown;92;Mileway;Spain;Valencian Community;Valencia;Full-time;3-5;Mid;"Financial Analysis; Auditing";"Bachelor's Degree; Master's Degree";"Microsoft Office; Excel; PowerPoint; Word; Outlook"
129;Operations Seafreight Export;Operations Manager;93;TIBA;Spain;Valencian Community;Valencia;Full-time;3-5;Unknown;"Stakeholder Management; Cross-functional Collaboration; Communication; Problem Solving";Higher Education;
130;Cybersecurity Operations Consultant;Consultant;94;UNICC;Spain;Valencian Community;Geneva;Unknown;0-3;Unknown;"Security; Cybersecurity; Information Security; Risk Management; Communication";Bachelor's Degree;"Qualys; CrowdStrike; Splunk; Google Workspace"
131;Security Operations Automation Engineer;DevOps / SRE;95;RingCentral;Spain;Valencian Community;Valencia;Full-time;3-5;Unknown;"Security; Project Management; Time Management; Communication; DevOps";;"Python; Kubernetes; Jenkins; AWS; GCP"
132;IAM Security Analyst;Security Engineer;16;Mercadona IT;Spain;Valencian Community;Albalat dels Sorells;Full-time;3-5;Unknown;"Security; API; REST APIs; Cybersecurity; Information Security";Higher Education;"PowerShell; Python; Docker; Kubernetes"
133;HR Specialist & Operations (Temporary);Consultant;96;Vantive;Spain;Valencian Community;Valencia;Full-time;3-5;Unknown;"Analytical Thinking; Communication; Time Management; Organization; Financial Analysis; Auditing";"Bachelor's Degree; Law/Labor Relations";"Microsoft Office; Excel; Word; Outlook"
134;Campaign Operations Intern - German speaker;Unknown;70;Groupon;Spain;Valencian Community;Valencia;Internship;0-3;Intern;"Communication; Content Marketing; Digital Design; E-commerce product considerations (checkout optimization)";Bachelor's Degree;"HTML; Salesforce"
135;AIFM Risk & Valuation Analyst;Risk Analyst;79;FundRock;Spain;Valencian Community;Valencia;Unknown;Unknown;Unknown;"Risk Management; Financial Analysis";;
136;Portfolio Analyst - AIFM;Data Analyst;79;FundRock;Spain;Valencian Community;Valencia;Unknown;3-5;Manager;"Financial Analysis; Problem Solving; Communication";Bachelor's Degree;"Excel; Microsoft Office"
137;Business Analyst;Business Analyst;47;Apex Group;Spain;Valencian Community;Valencia;Unknown;5+;Unknown;"Stakeholder Management; Agile; Scrum; SAFe; Technical Writing; Communication; Problem Solving";"Higher Education; Engineering; Other";SQL
138;SOC Analyst;Security Engineer;17;BrainRocket;Spain;Valencian Community;Valencia;Full-time;0-3;Unknown;"Security; Cybersecurity; Information Security";Bachelor's Degree;"AWS; Azure; ELK Stack; Splunk; Jira; Microsoft Teams; Slack"
139;Senior HR Operations Specialist;Consultant;null;Unknown;Spain;Valencian Community;Valencia;Full-time;5+;Senior;"Regulatory Compliance; Process Optimization; Problem Solving; Communication; Analytical Thinking; Cross-functional Collaboration; Stakeholder Management; Mentoring; Training";"Bachelor's Degree; Master's Degree";
140;Digital Data Analyst;Data Analyst;24;Fourvenues;Spain;Valencian Community;Valencia;Unknown;3-5;Unknown;"Data Analysis; Data Visualization; Marketing Analytics; A/B Testing; Hypothesis Testing; Experimentation; Stakeholder Management; KPI Definition; Metrics Design; Reporting & Dashboards; Business Intelligence; Data Warehousing concepts";;"SQL; Google Analytics; GA4; Tableau; Google Tag Manager; Excel; Python; Postman; Zapier; HubSpot; MongoDB"
141;Senior Analyst - Risk and Compliance;Risk Analyst;79;FundRock;Spain;Valencian Community;Valencia;Full-time;3-5;Senior;"Regulatory Compliance; Risk Management; Financial Analysis; Auditing";Other;Microsoft Office
142;Field Technician (UAV Flight Operations);Technical Support Engineer;97;ICEYE;Spain;Valencian Community;Valencia;Full-time;3-5;Unknown;"Technical Writing; Process Optimization";;
143;Operations Specialist (UAV Flight Operations);Consultant;97;ICEYE;Spain;Valencian Community;Valencia;Full-time;3-5;Unknown;Process Optimization;"Engineering; Other";Python
144;Senior Depositary Analyst;Compliance / Regulatory Specialist;47;Apex Group;Spain;Valencian Community;Valencia;Full-time;3-5;Senior;"Communication; Problem Solving; Analytical Thinking; Organization; Regulatory Compliance; Financial Analysis; Risk Management";Bachelor's Degree;"Microsoft Office; Excel; PowerPoint; Word; Outlook; Google Workspace"
145;Senior Analyst (Supply Analytics, Bangkok-based, Relocation provided);Data Analyst;98;Agoda;Thailand;Valencian Community;Bangkok;Full-time;3-5;Senior;"Data Analysis; Data Visualization; Stakeholder Management; A/B Testing; Experimentation; Problem Solving; Communication";"Bachelor's Degree; Master's Degree";"SQL; Tableau; Excel; Python; R; Google Analytics"
146;Senior People Operations Partner (m/w/d);Operations Manager;99;commercetools;Spain;Valencian Community;Valencia;Contract;5+;Senior;"Process Optimization; Stakeholder Management; Regulatory Compliance";;
147;Operations Strategy Lead - Respiratory (IRCCD) team;Operations Manager;100;Thermo Fisher Scientific;Spain;Unknown;Unknown;Unknown;5+;Lead;"Project Management; Stakeholder Management; Cross-functional Collaboration; Communication; Strategic Thinking";Bachelor's Degree;Microsoft Office
148;Product Associate;Product Analyst;101;Zenown;Spain;Unknown;Unknown;Full-time;0-3;Junior;"Data Analysis; Market Research; Competitive Analysis; Stakeholder Management; Communication; Cross-functional Collaboration; Analytical Thinking; Business Acumen; Product Development; Technical Writing; Training";;
149;Product Manager - OpenData;Product Manager;102;Veeva Systems;Spain;Unknown;Unknown;Full-time;5+;Unknown;"Product Development; Product Strategy; Stakeholder Management; Market Research; Competitive Analysis; Data Analysis; Product Analytics; Requirement Gathering (detailed); Cross-functional Collaboration";Bachelor's Degree;SQL
150;Manager, Product Manager;Product Manager;103;Canonical;EMEA;Unknown;Unknown;Full-time;5+;Manager;"Product Strategy; Product Development; Product Roadmapping; Market Research; Competitive Analysis; Stakeholder Management; Cross-functional Collaboration; Executive Communication; Problem Solving; Communication; Strategic Thinking; Product Lifecycle Management; Usability Testing; Mentoring; Team Management; Leadership; Analytical Thinking";Higher Education;"Jira; Confluence; Kubernetes; Docker; Grafana; Microsoft Office; Excel; PowerPoint; Word"
151;Product Manager (100% Remote);Product Manager;104;Robert Walters;Spain;Comunitat Valenciana;Valencia;Unknown;3-5;Manager;"Product Development; Product Analytics; Stakeholder Management; Cross-functional Collaboration; Executive Communication; Data Analysis; Product Strategy; Communication; Problem Solving; Critical Thinking; Analytical Thinking; Strategic Thinking; Agile";;"Google Analytics; Looker; Mixpanel; Figma"
152;Product Manager;Product Manager;105;Triple;Spain;Unknown;Unknown;Full-time;3-5;Unknown;"Product Strategy; Product Development; Product Launch; Product Roadmapping; Feature Prioritization; User Stories; Requirements Gathering; Market Research; Competitive Analysis; Product Analytics; Stakeholder Management; Cross-functional Collaboration; Executive Communication; Communication; Problem Solving";;SQL
153;Growth Product Manager (Web);Product Manager;106;Reverse Tech;Spain;Catalonia;Barcelona;Full-time;3-5;Mid;"Product Strategy; Product Development; Product Launch; Product Roadmapping; Feature Prioritization; User Stories; Requirements Gathering; Market Research; Competitive Analysis; Product Analytics; Growth Hacking; A/B Testing; UI/UX Design; User Research; User-Centered Design; Design Thinking; Wireframing; Prototyping; Visual Design; Interaction Design; Information Architecture; Usability Testing; Product portfolio management (basic); Stakeholder Management; Cross-functional Collaboration; Communication; Problem Solving; Critical Thinking; Analytical Thinking; Business Acumen; AOV; LTV; Conversion Rate Optimization (CRO); Experimentation; Data Analysis; Funnel Analysis";;"Google Analytics; Figma; Adobe XD"
154;Product Manager;Product Manager;107;Incode;Spain;Unknown;Unknown;Full-time;5+;Manager;"Product Strategy; Product Development; Product Roadmapping; Feature Prioritization; Market Research; Competitive Analysis; Product Analytics; Growth Hacking; Stakeholder Management; Cross-functional Collaboration; Executive Communication; KPI Definition; Metrics Design; Performance Measurement; Product-led Growth (PLG)";;
155;Junior Product Manager;Product Manager;108;Tuotempo;Italy;Catalonia;Bologna;Unknown;0-3;Junior;"Product Development; Requirements Gathering; Stakeholder Management; Communication";Bachelor's Degree;"Jira; Confluence"
156;Product Manager;Product Manager;109;Wikifarmer;Spain;Unknown;Unknown;Full-time;3-5;Manager;"Product Development; Product Roadmapping; Feature Prioritization; User Stories; Market Research; Competitive Analysis; Product Analytics; Stakeholder Management; Cross-functional Collaboration; Experimentation; Experiment Design; Experiment Analysis; A/B Testing; Data Analysis; KPI Definition; Metrics Design; Growth Hacking; User Acquisition; Product-led Growth (PLG); Communication; Problem Solving; Analytical Thinking; Business Acumen";;"Figma; SQL; Google Analytics"
157;Global Product Manager - Crop Protection / Insecticides;Product Manager;110;ADAMA;European Union;Unknown;Unknown;Full-time;5+;Manager;"Product Strategy; Product Development; Product Launch; Product Roadmapping; Market Research; Competitive Analysis; Stakeholder Management; Cross-functional Collaboration; Strategic Thinking; Analytical Thinking";"Bachelor's Degree; Master's Degree";"Microsoft Office; Excel; PowerPoint; Word; Outlook; Google Workspace"
158;Technical Product Manager - Producto API - scrum, agile - remoto (*A);Product Manager;111;Between Technology;Spain;Community of Madrid;Madrid;Full-time;5+;Manager;"Stakeholder Management; Cross-functional Collaboration; Communication; Negotiation; Agile; Scrum; OKRs; Data-driven decision making; API awareness (REST/GraphQL)";;"Jira; Confluence; Tableau; Power BI; Google Analytics"
159;Product Manager (relocation to Abu Dhabi;Product Manager;112;Presight;European Union;Unknown;Unknown;Unknown;5+;Manager;"Product Strategy; Product Development; Product Launch; Product Roadmapping; Feature Prioritization; Requirements Gathering; Market Research; Competitive Analysis; Product Analytics; Stakeholder Management; Cross-functional Collaboration; Executive Communication; Data Analysis; Data Visualization; AI; User Research; UI/UX Design; User-Centered Design; Visual Design; Interaction Design; Product Lifecycle Management; Quality Assurance; Experimentation; Risk Management; Communication; Presentation Skills; Analytical Thinking";"Bachelor's Degree; Engineering";"Figma; Power BI"
160;Credit Product Manager (SME Business Lending);Product Manager;74;Revolut;Spain;Unknown;Unknown;Full-time;5+;Lead;"Product Development; Product Launch; Product Roadmapping; Feature Prioritization; User Stories; Requirements Gathering; Market Research; Competitive Analysis; UI/UX Design; User Research; Product Strategy; Stakeholder Management; Cross-functional Collaboration; KPI Definition; Communication; Negotiation; Analytical Thinking; Data-driven decision making; Business Acumen; Risk Management; Regulatory Compliance";;"Jira; Confluence"
161;Staff Product Manager (remote, UTC-3 to UTC+3);Product Manager;113;Checkly;Spain;Community of Madrid;Madrid;Full-time;5+;Senior;"Product Strategy; Product Development; Product Launch; Product Roadmapping; Feature Prioritization; User Stories; Requirements Gathering; Market Research; Competitive Analysis; Product Analytics; Stakeholder Management; Cross-functional Collaboration; Product-led Growth (PLG); Growth Hacking; Experiment Design; A/B Testing; DevOps; Product Lifecycle Management; Agile; Executive Communication; Communication; Problem Solving; Critical Thinking; Analytical Thinking; Business Acumen; Strategic Thinking; Leadership; Team Management; Presentation Skills; Negotiation; Conflict Resolution; Time Management; Organization; Mentoring; Coaching";;"AWS; Vue.js; Node.js; TypeScript; PostgreSQL; ClickHouse; Vercel; Jira; Confluence; Slack"
162;Principal Product Manager;Product Manager;114;Welltech;Spain;Catalonia;Barcelona;Full-time;3-5;Mid;"Product Strategy; Product Roadmapping; Market Research; Competitive Analysis; Product Development; Agile; Scrum; Data Analysis; A/B Testing; Product Analytics; Stakeholder Management; Cross-functional Collaboration; Communication; Product Lifecycle Management; User Research";;
163;Product Manager;Product Manager;null;Unknown;European Union;Unknown;Unknown;Full-time;5+;Manager;"Product Strategy; Product Development; Product Lifecycle Management; Market Research; Competitive Analysis; Stakeholder Management; Cross-functional Collaboration; Business Acumen; Presentation Skills; Analytical Thinking; Communication";"Bachelor's Degree; Master's Degree; Engineering";
164;Product Manager Identity Verification & Fraud;Product Manager;115;Microblink;European Union;Unknown;Unknown;Full-time;3-5;Manager;"Product Strategy; Product Development; Product Roadmapping; Market Research; Stakeholder Management; Cross-functional Collaboration; Product Analytics; KPI Definition; Agile; Software Development; Data Analysis; Machine Learning; OKRs; Technical Writing; Communication; Presentation Skills; Problem Solving; Analytical Thinking; Strategic Thinking; Leadership";"Bachelor's Degree; Engineering; Business";"Google Analytics; Tableau; Jira; Confluence"
165;Product Manager;Product Manager;116;Seedtag;Spain;Comunidad de Madrid;Madrid;Unknown;5+;Manager;"Market Research; Stakeholder Management; Communication; KPI Definition; Product Analytics; Product Strategy; Executive Communication; Roadmap Prioritization; A/B Testing; Experiment Design; Data-driven decision making; Analytical Thinking; Problem Solving; Product Development; Product Launch";"Engineering; Other";"Tableau; Power BI; Google Analytics; Looker; Mixpanel; Jira; Confluence; AWS; Azure; GCP"
166;Sales Account & Product Manager Iberia – Compounding / Plastic Materials;Product Manager;117;IMCD;Spain;Unknown;Unknown;Full-time;5+;Manager;"Stakeholder Management; Sales enablement understanding; Account Management basics";"Engineering; Other";Salesforce
167;Product Manager - Specialty tyres;Product Manager;118;Sailun Group;European Economic Area;Unknown;Unknown;Full-time;5+;Manager;"Market Research; Competitive Analysis; Project Management; Stakeholder Management; Cross-functional Collaboration; Communication; Financial Analysis; Analytical Thinking";"Bachelor's Degree; Master's Degree; Engineering";
168;Digital Product Manager;Project Manager;119;Darkroom;Spain;Community of Madrid;Madrid;Full-time;0-3;Unknown;"Project Management; Stakeholder Management; Cross-functional Collaboration; Communication; Problem Solving; SEO; A/B Testing; Funnel Optimization; Conversion Rate Optimization (CRO); Business Acumen";;"Shopify; Notion; HTML; CSS; Google Analytics"
169;Product Manager - SaaS;Product Manager;120;Santander Auto Software;Spain;Unknown;Unknown;Full-time;5+;Manager;"Product Development; Product Roadmapping; Feature Prioritization; User Stories; Market Research; Stakeholder Management; Executive Communication; Communication; Problem Solving; Analytical Thinking; Agile; Product Analytics; User Research; Product Strategy; User-Centered Design; Data Analysis; Cross-functional Collaboration; Project Management; Presentation Skills; Data-driven decision making";Bachelor's Degree;"Jira; Figma; GitLab; Slack; Trello; SQL; Google Analytics; Amplitude; Tableau; Excel; PowerPoint; Word; Google Workspace"
170;Product Manager especializado/a en producto API - Remoto;Product Manager;111;Between Technology;Spain;Community of Madrid;Madrid;Full-time;5+;Manager;"Product Roadmapping; Stakeholder Management; Cross-functional Collaboration; OKRs; Data Analysis; Agile; Scrum; User Stories; Product Development; Communication; Negotiation";Other;"Jira; Confluence; Tableau; Power BI"
171;Junior Product Manager;Product Manager;103;Canonical;EMEA;Unknown;Unknown;Full-time;5+;Manager;"Product Strategy; Product Development; Product Lifecycle Management; Market Research; Competitive Analysis; Stakeholder Management; Cross-functional Collaboration; Product Analytics; Product Roadmapping; Feature Prioritization; User Stories; Requirements Gathering; Communication; Problem Solving; Technical Writing; Business Acumen; Strategic Thinking; Product-led Growth (PLG); Product Ops support tasks; Go-to-Market (GTM); Growth Strategy; Analytical Thinking; Leadership";Higher Education;"Kubernetes; Docker; Git; Grafana; MLflow; GitHub; Tableau; Power BI; Looker; Microsoft Office; Confluence; Jira"
172;Global Product Manager Ruminants;Product Manager;null;Unknown;European Union;Unknown;Unknown;Unknown;5+;Manager;"Project Management; Product Lifecycle Management; Market Research; Competitive Analysis; Stakeholder Management; Cross-functional Collaboration; Communication; Analytical Thinking; Strategic Thinking; Sales enablement understanding";"Bachelor's Degree; Master's Degree";"Microsoft Office; Excel; PowerPoint; Word; Outlook; Google Workspace"
173;Product Manager (Production Software) (f/m/d);Product Manager;121;Hexagon;EMEA;Unknown;Unknown;Unknown;3-5;Manager;"Product Strategy; Product Development; Product Roadmapping; Market Research; Competitive Analysis; Stakeholder Management; Cross-functional Collaboration; Communication; Analytical Thinking; Strategic Thinking; Agile; Requirements Gathering; Technical Writing; Executive Communication";Engineering;Jira
174;Product Manager;Product Manager;122;MEDDICC;Spain;Catalonia;Barcelona;Full-time;3-5;Manager;"Product Strategy; Product Development; Product Roadmapping; Feature Prioritization; Market Research; Competitive Analysis; Product Analytics; Stakeholder Management; Cross-functional Collaboration; Executive Communication; OKRs; KPI Definition; Metrics Design; Performance Measurement; Roadmap Communication; Agile; Scrum; User Research; Data Analysis; Communication; Problem Solving; Critical Thinking; Analytical Thinking; Business Acumen; Strategic Thinking";;"Jira; Confluence"
175;Product Manager, Auth0;Product Manager;123;Okta;Spain;Unknown;Unknown;Full-time;3-5;Manager;"Product Strategy; Product Development; Product Roadmapping; Feature Prioritization; User Stories; Requirements Gathering; Market Research; Competitive Analysis; Product Analytics; Stakeholder Management; Cross-functional Collaboration; Product Lifecycle Management; Technical Specification; Communication; Problem Solving; Analytical Thinking; Security; Software Development; Project Management";"Bachelor's Degree; Engineering";"AWS; Azure; GCP; Jira; Confluence"
176;Product Manager - Fusion Model-Based Manufacturing;Product Manager;124;Autodesk;Germany;Unknown;Unknown;Full-time;5+;Manager;"Product Strategy; Product Development; Product Roadmapping; Market Research; Competitive Analysis; Stakeholder Management; Cross-functional Collaboration; Executive Communication; Agile; Scrum; Requirements Gathering";;"Confluence; Jira"
177;Strategic Partnership Manager, Europe;Account Manager;125;Yuno;European Union;Unknown;Unknown;Full-time;3-5;Senior;"Stakeholder Management; Cross-functional Collaboration; Presentation Skills; Negotiation";;"Slack; Microsoft Teams; Zoom; Google Meet; Miro; Mural; Whimsical; Lucidchart; Jamboard; FigJam; MS Whiteboard; Dropbox; Google Drive; OneDrive; Box; Microsoft Office; Excel; PowerPoint; Word; Outlook; Google Workspace"
178;Senior Product Manager - Core Team;Product Manager;125;Yuno;Spain;Madrid;Greater Madrid Metropolitan Area;Full-time;5+;Senior;"Product Strategy; Product Development; Product Roadmapping; Feature Prioritization; Stakeholder Management; Cross-functional Collaboration; Executive Communication; Communication; Problem Solving; Product Analytics; KPI Definition; Experimentation; Market Research";;
179;Implementation Manager Europe;Implementation / Onboarding Manager;125;Yuno;Spain;Unknown;Unknown;Full-time;5+;Unknown;"Project Management; Stakeholder Management; Cross-functional Collaboration; REST APIs; Technical Writing; Problem Solving; Analytical Thinking; Risk Management; API";;"Python; JavaScript; Node.js; MySQL; Oracle; PostgreSQL; MongoDB; Postman; Swagger; HTML; CSS"
180;Technical Account Manager;Account Manager;125;Yuno;European Union;Unknown;Unknown;Full-time;0-3;Unknown;"Stakeholder Management; Product Strategy; API; REST APIs; Technical Writing; Problem Solving; Project Management";;"HTML; CSS; JavaScript; MySQL; Oracle; PostgreSQL; MongoDB; Postman; Swagger"
181;Product Analyst - Integrations Team;Product Analyst;125;Yuno;Spain;Unknown;Unknown;Full-time;0-3;Unknown;"Data Analysis; Product Strategy; Product Development; Market Research; Competitive Analysis; Product Analytics; KPI Definition; Metrics Design; Performance Measurement; Communication; Problem Solving; Critical Thinking; Analytical Thinking; Agile; Stakeholder Management; Cross-functional Collaboration";Bachelor's Degree;"Tableau; Power BI; Excel; Google Analytics; Productboard; Jira; Confluence; SQL"
182;Bolsa de talento Ford España;Unknown;null;Unknown;Spain;Valencian Community;Valencia;Unknown;0-3;Unknown;"AI; Data Analysis; Data Mining";Engineering;
183;Operations Manager;Operations Manager;85;Inversiva;Spain;Comunitat Valenciana;Valencia;Unknown;5+;Manager;"Process Optimization; Stakeholder Management; Cross-functional Collaboration; Communication; Problem Solving; Analytical Thinking";;
184;Junior-Mid Project Manager;Project Manager;126;Gusta;Spain;Valencian Community;Valencia;Unknown;0-3;Junior;"Project Management; Agile; Scrum; Kanban; Stakeholder Management; Presentation Skills; Communication; Problem Solving; Time Management; Organization";;"Notion; Jira; Trello"
185;Operations Specialist;Consultant;127;NeuronUP;Spain;Valencian Community;Valencia;Unknown;0-3;Unknown;"Process Optimization; Stakeholder Management; Data Analysis; Technical Writing";"Higher Education; Engineering";SQL
186;Técnico/a de Selección;Assistant;128;Singularu;Spain;Valencian Community;Valencia;Unknown;3-5;Unknown;Communication;"Bachelor's Degree; Master's Degree";
187;Forma parte de nuestro talento;Unknown;null;Unknown;Spain;Valencian Community;Alcàsser;Unknown;Unknown;Unknown;;;
188;Ingeniero Industrial;Process Analyst;129;Hosper Profesional;Spain;Valencian Community;Valencia;Full-time;0-3;Junior;Process Optimization;Engineering;
189;CV For Future Opportunities;Unknown;130;Sales Layer;Spain;Valencian Community;Valencia;Unknown;0-3;Unknown;"Communication; Problem Solving";;
190;Ingeniero/a Industrial (consultoría operacional);Process Analyst;131;Laberit;Spain;Valencian Community;Valencia;Unknown;0-3;Unknown;"Process Optimization; Communication";Engineering;
191;Programa GrefuTalento: Mejora de Procesos y Formación;Process Analyst;132;GREFUSA;Spain;Valencia;Alzira;Full-time;0-3;Unknown;"Process Optimization; Communication; Negotiation; Team Management";"Engineering; Master's Degree";"Microsoft Office; Excel; PowerPoint; Word; Google Workspace"
192;Project Manager IT Junior (sector logística);Project Manager;18;Randstad Digital;Spain;Valencian Community;Valencia;Unknown;0-3;Junior;"Project Management; Stakeholder Management; Communication";Other;"Microsoft Office; Excel; PowerPoint; Word"
193;INGENIERO DE PROCESOS;Process Analyst;null;Unknown;Spain;Valencia;Riba-Roja Del Túria;Full-time;3-5;Unknown;"Process Optimization; Logistics";Engineering;
194;Ingeniero De Soporte De Producción;Operations Manager;133;KEU;Spain;Valencian Community;Alicante;Full-time;3-5;Unknown;"Lean; Process Optimization; Quality Assurance; Quality Control; Problem Solving";Engineering;
195;Gestor/a de catálogos AMAZON;Digital Marketing Specialist;64;Cecotec;Spain;Valencian Community;Valencia;Unknown;0-3;Unknown;Marketing Analytics;Bachelor's Degree;Excel
196;Project Manager | Part-time;Project Manager;134;SalesDose.io;Venezuela;Valencia;Greater Valencia Metropolitan Area;Part-time;3-5;Unknown;"Project Management; Stakeholder Management; Cross-functional Collaboration; Communication; Problem Solving; Process Optimization";;"Notion; ClickUp; HubSpot"
197;Customer Operations Coordinator;Operations Manager;135;International Water & Wellness (IW);Spain;Valencian Community;Valencia;Full-time;0-3;Unknown;"Process Optimization; Logistics; Communication; Problem Solving; Time Management; Organization";;Microsoft Office
198;Junior Consultant (Ayudas a la financiación I+D+i);Consultant;136;FI Group;Spain;Valencian Community;Valencia;Unknown;Unknown;Unknown;"Stakeholder Management; Cross-functional Collaboration";Engineering;
199;PROJECT MANAGER;Project Manager;137;Bellver Blue Tech Zone;Spain;Valencian Community;Valencia;Unknown;0-3;Unknown;"Project Management; Agile; Scrum; Product Development; Requirements Gathering; Stakeholder Management; Cross-functional Collaboration; Technical Writing; Quality Assurance; Quality Control";;"Figma; Sketch; Adobe XD; SQL; AWS; Azure; GCP"
200;Talent Pool;Unknown;36;PowerCo;Spain;Valencian Community;Valencia;Unknown;Unknown;Unknown;;;
201;Ingeniero/a de Procesos;Process Analyst;138;Hays;Spain;Valencian Community;Valencia;Unknown;5+;Unknown;Process Optimization;Engineering;Microsoft Office
202;Product Experience;Product Designer;139;DOTS;Spain;Valencian Community;Valencia;Full-time;3-5;Lead;"UI/UX Design; User Research; User-Centered Design; Design Thinking; Wireframing; Prototyping; Visual Design; Interaction Design; Product Strategy; A/B Testing; Experimentation; Stakeholder Management; Cross-functional Collaboration";;"Figma; Notion"
203;Ingeniero/a jr de Procesos (Estimaciones);Process Analyst;140;Sothis by Nunsys Group;Spain;Valencia;Paterna;Full-time;0-3;Junior;"Process Optimization; Stakeholder Management";"Engineering; Bachelor's Degree";
204;Manager Massimo Dutti Comunidad Valenciana;Operations Manager;141;Inditex;Spain;Valencian Community;Unknown;Full-time;0-3;Manager;"Communication; Stakeholder Management; Cross-functional Collaboration";;
205;Administrativo logística;Assistant;null;Unknown;Spain;Valencian Community;Valencia;Part-time;0-3;Unknown;"Process Optimization; Communication; Time Management";Higher Education;"Microsoft Office; Excel; Word; Outlook"
206;Operations Assistant (Freelance);Assistant;null;Unknown;European Union;Unknown;Unknown;Unknown;0-3;Unknown;Communication;;
207;Business Analyst;Business Analyst;142;Sollers;Spain;Valencian Community;Valencia;Full-time;0-3;Unknown;Agile;Bachelor's Degree;
208;Business Analyst (productos/procesos bancarios) (100% remoto, solo España);Business Analyst;143;UST;Spain;Unknown;Unknown;Full-time;3-5;Unknown;"Stakeholder Management; Agile; Scrum; Kanban; Communication; Presentation Skills; KPI Definition; Regulatory Compliance; Cross-functional Collaboration";;"Jira; Confluence; Power BI; Microsoft Office; PowerPoint"
209;Business Analyst;Business Analyst;144;Capitole Consulting;Spain;Unknown;Unknown;Unknown;3-5;Unknown;"Requirement Gathering (detailed); Cross-functional Collaboration; Stakeholder Management; Agile; Scrum; Kanban; Waterfall; Communication; Process Optimization";;Excel
210;Business Analyst;Business Analyst;145;Scalian Spain;Spain;Unknown;Unknown;Full-time;3-5;Unknown;"Agile; Stakeholder Management; Communication; Problem Solving; Organization";;"SQL; Excel; Airflow; Spark; Scala; Qlik Sense; Databricks"
211;Data Analyst & Business Partner;Data Analyst;146;Holafly;Spain;Unknown;Unknown;Full-time;3-5;Unknown;"Data Analysis; Business Intelligence; Stakeholder Management; Cross-functional Collaboration; Communication; Problem Solving; Business Acumen; Reporting & Dashboards; KPI Dashboards; Data-driven decision making";Bachelor's Degree;"SQL; Power BI; Tableau; Excel"
212;Business Analyst;Business Analyst;147;Odoo;Spain;Valencian Community;Valencia;Full-time;0-3;Unknown;"Communication; Problem Solving; Stakeholder Management; Training; Coaching";;"Python; HTML"
213;Analista de Negocio - Precios & Operaciones;Business Analyst;148;IVC Evidensia;Spain;Valencian Community;Valencia;Full-time;3-5;Unknown;"Stakeholder Management; Cross-functional Collaboration";;"SQL; Power BI; Excel"
214;Business Analyst;Business Analyst;null;Unknown;European Union;Unknown;Unknown;Contract;5+;Mid;"Stakeholder Management; Cross-functional Collaboration; Business Intelligence; Reporting & Dashboards; Data Analysis; Requirements Gathering; Process Optimization; Communication; Analytical Thinking; Quality Control; Regulatory Compliance";;"Power BI; Qlik Sense; Microsoft Office"
215;Business Analyst (Pricing & Operations);Business Analyst;148;IVC Evidensia;Spain;Valencian Community;Valencia;Full-time;3-5;Unknown;"Stakeholder Management; Cross-functional Collaboration; KPI Definition";;"SQL; Power BI; Excel"
216;Freelance Business Analyst - AI Trainer;Business Analyst;149;Mindrift;Spain;Unknown;Unknown;Part-time;3-5;Unknown;"Analytical Thinking; Problem Solving";"Bachelor's Degree; Master's Degree; PhD";
217;Banking Functional Business Analyst;Business Analyst;null;Unknown;Spain;Comunidad de Madrid;Madrid;Unknown;5+;Lead;"Agile; Scrum; Kanban; Business Acumen; Analytical Thinking; Communication";;Jira
218;ERP Business Analyst (Valencia or Amsterdam);Business Analyst;92;Mileway;Spain;Valencian Community;Valencia;Full-time;3-5;Unknown;"Stakeholder Management; Cross-functional Collaboration; Requirements Gathering; Acceptance Criteria; Communication; Analytical Thinking; Problem Solving; Business Acumen; Scrum; Agile";"Bachelor's Degree; Engineering";"Jira; Microsoft Office"
219;Business Analyst (Finance);Business Analyst;74;Revolut;Spain;Unknown;Unknown;Full-time;5+;Unknown;"Requirement Gathering (detailed); Data Analysis; Stakeholder Management";;"SQL; Excel"
220;Business Analyst (Technical);Business Analyst;150;CORUS;Spain;Unknown;Unknown;Full-time;5+;Mid;"Requirements Gathering; User Stories; Stakeholder Management; Quality Assurance; Training; Analytical Thinking";Higher Education;Azure
221;Product Owner / Business Analyst – POS Inventory Operations;Product Owner;null;Unknown;European Union;Unknown;Unknown;Contract;5+;Mid;"Agile; Scrum; Product Development; User Stories; Stakeholder Management; Cross-functional Collaboration; Requirements Gathering; KPI Definition; Reporting & Dashboards; Communication; Analytical Thinking";;"Jira; Confluence; Oracle"
222;Business Analyst - (Remote Europe and Nigeria);Business Analyst;151;Jobgether;Spain;Unknown;Unknown;Full-time;3-5;Unknown;"Data Analysis; Stakeholder Management; Cross-functional Collaboration; Communication; Market Research; Financial Analysis; Wireframing; Prototyping";;"SQL; Microsoft Office; Excel"
223;Functional Business Analyst | Teletrabajo;Business Analyst;152;OPTIMISSA;Spain;Unknown;Unknown;Unknown;0-3;Unknown;"Agile; Requirements Gathering; Stakeholder Management; Cross-functional Collaboration; Business Acumen; Problem Solving; Analytical Thinking; NoSQL; API";;"Python; SQL; MongoDB; AWS"
224;Business Analyst;Business Analyst;153;Rabobank;European Union;Unknown;Unknown;Unknown;5+;Lead;"Stakeholder Management; Cross-functional Collaboration; Agile";;Jira
225;Murex Business Analyst 100% Remoto;Business Analyst;null;Unknown;Spain;Unknown;Unknown;Unknown;5+;Unknown;"Data Analysis; Problem Solving; Financial Analysis";;"SQL; Excel"
226;Salesforce Business Analyst;Business Analyst;52;Omega CRM;Spain;Unknown;Unknown;Full-time;3-5;Unknown;"Stakeholder Management; Cross-functional Collaboration; Process Optimization; Agile; Communication; Problem Solving";;"Salesforce; SQL; Tableau; Power BI; Excel; Microsoft Office"
227;Carriers Senior Business Analyst;Business Analyst;146;Holafly;EMEA;Unknown;Unknown;Unknown;5+;Senior;"Data Analysis; Business Intelligence; Statistical Analysis; Stakeholder Management; Communication; Presentation Skills; Analytical Thinking; Business Acumen; Strategic Thinking";;"SQL; Python; R; Excel; Tableau; Power BI"
228;Business Process Architect, SAP S/4HANA Manufacturing;Process Analyst;154;MGT Consulting;Spain;Unknown;Unknown;Full-time;5+;Unknown;"Stakeholder Management; Cross-functional Collaboration; Process Optimization";;
229;Business Analyst - Accounting & Tax Expert;Business Analyst;147;Odoo;Spain;Valencian Community;Valencia;Unknown;0-3;Unknown;"Communication; Stakeholder Management; Project Management; Cross-functional Collaboration";Master's Degree;"Google Analytics; Microsoft Office; Excel"
230;AWS Business Analyst;Business Analyst;null;Unknown;European Union;Unknown;Unknown;Full-time;5+;Senior;"Data Analysis; Stakeholder Management; Business Intelligence; Data Governance";;"AWS; Snowflake; Power BI; SQL"
231;Business Analyst for Sailpoint rollout;Business Analyst;null;Unknown;Spain;Unknown;Unknown;Unknown;5+;Unknown;"Stakeholder Management; Requirements Gathering; Data Analysis; Cross-functional Collaboration; Process Optimization; Regulatory Compliance";;"Python; R; SQL"
232;Business Analyst/Product Owner. Healthcare. Clinical data;Business Analyst;155;Trinetix;United States;Tennessee;Nashville;Unknown;5+;Senior;"Requirements Gathering; Product Development; Product Roadmapping; User Stories; Agile; Scrum; Stakeholder Management; Cross-functional Collaboration; Communication; Problem Solving; Data Analysis; Data Visualization; Business Intelligence; KPI Definition; Metrics Design; Regulatory Compliance; Auditing; Healthcare Knowledge";"Bachelor's Degree; Master's Degree";"Power BI; Looker; Tableau; GCP; AWS; Azure; Databricks; Snowflake"
233;Business Analyst / Product Owner procesos bancarios (Wealth) (100% remoto desde España);Business Analyst;143;UST;Spain;Unknown;Unknown;Full-time;5+;Unknown;"Agile; Scrum; Kanban; Stakeholder Management; Cross-functional Collaboration";;"Jira; Confluence"
234;Business Analyst CDP - 100% Remoto (Imprescindible residir en España);Business Analyst;144;Capitole Consulting;Spain;Unknown;Unknown;Full-time;3-5;Mid;"Stakeholder Management; Cross-functional Collaboration; Process Optimization";;
235;Revenue Business Analyst (Remote);Business Analyst;156;iubenda;Spain;Valencian Community;Valencia;Full-time;5+;Mid;"Data Analysis; Business Intelligence; KPI Definition; Metrics Design; Performance Measurement; Stakeholder Management; Cross-functional Collaboration; Analytical Thinking; Funnel Analysis; Retention Analysis; Customer Segmentation; Business Acumen; Customer Success alignment; Reporting & Dashboards; KPI Dashboards; Data-driven decision making";;"Google Analytics; Amplitude; Braintree; Chargebee; Excel"
236;Senior Business Analyst;Business Analyst;null;Unknown;European Union;Unknown;Unknown;Contract;5+;Senior;"Agile; SAFe; Business Intelligence; Stakeholder Management; Cross-functional Collaboration; Communication; Problem Solving; Analytical Thinking; Process Optimization";;SQL
237;Business Analyst Enterprise Architecture;Business Analyst;157;RED Global;European Union;Unknown;Unknown;Contract;5+;Unknown;"Business Intelligence; SDLC; Stakeholder Management";;
238;Functional Business Analyst – Murex;Business Analyst;null;Unknown;Spain;Unknown;Unknown;Unknown;3-5;Mid;"Agile; Software Development; Product Development; API; Stakeholder Management";;"Python; SQL; MongoDB; AWS"
239;Lead Business Analyst;Business Analyst;153;Rabobank;European Union;Unknown;Unknown;Contract;5+;Lead;"Stakeholder Management; Agile; Communication; Presentation Skills";;"Jira; Confluence"
240;Senior Business Analyst - OpenData Clinical;Business Analyst;102;Veeva Systems;Spain;Unknown;Unknown;Unknown;5+;Senior;"Data Analysis; Data Visualization; Business Intelligence; Data Governance; Cross-functional Collaboration; Stakeholder Management; Communication; Problem Solving";Higher Education;"Python; R; SQL; Tableau; Power BI; Jira; Superset"
241;Claims Data Analyst/Business Analyst. Healthcare;Data Analyst;155;Trinetix;United States;Tennessee;Nashville;Unknown;5+;Unknown;"Data Analysis; Business Intelligence; Requirements Gathering; Stakeholder Management; Cross-functional Collaboration; Communication";Bachelor's Degree;"SQL; Power BI; Tableau; Looker"
242;ServiceNow Business Analyst - SPM;Business Analyst;158;Decskill;EMEA;Unknown;Unknown;Unknown;5+;Unknown;"Agile; Scrum; Stakeholder Management; Communication; Problem Solving; Analytical Thinking";;"Jira; Confluence"
243;Senior Business Analyst (FinTech / Crypto);Business Analyst;null;Unknown;Spain;Unknown;Dubai;Unknown;5+;Senior;"Process Optimization; Stakeholder Management; Cross-functional Collaboration; Requirements Gathering; User Stories; Agile; Scrum; Kanban; Data Visualization; KPI Definition; Business Acumen; Jobs To Be Done (JTBD)";;"Jira; Confluence; Figma; Lucidchart; Miro; Tableau; Power BI; SQL"
244;Murex Business Analyst;Business Analyst;null;Unknown;Spain;Unknown;Unknown;Unknown;5+;Mid;"Agile; Product Lifecycle Management; Requirement Gathering (detailed)";;"Python; SQL; MongoDB; AWS"
245;Business Analyst Core Banking, implantaciones (Tarjetas) 100% remoto desde España;Business Analyst;143;UST;Spain;Unknown;Unknown;Unknown;3-5;Unknown;"Stakeholder Management; Cross-functional Collaboration; KPI Definition; Reporting & Dashboards; Data-driven decision making";;
;;;;;;;;;;;;;
;;;;;;;;;;;;;
;;;;;;;;;;;;;
;;;;;;;;;;;;;
;;;;;;;;;;;;;
;;;;;;;;;;;;;
;;;;;;;;;;;;;
;;;;;;;;;;;;;
;;;;;;;;;;;;;
;;;;;;;;;;;;;
;;;;;;;;;;;;;
;;;;;;;;;;;;;
;;;;;;;;;;;;;
;;;;;;;;;;;;;
;;;;;;;;;;;;;
;;;;;;;;;;;;;
;;;;;;;;;;;;;
;;;;;;;;;;;;;
;;;;;;;;;;;;;
;;;;;;;;;;;;;
;;;;;;;;;;;;;
;;;;;;;;;;;;;
;;;;;;;;;;;;;
;;;;;;;;;;;;;
;;;;;;;;;;;;;
;;;;;;;;;;;;;
;;;;;;;;;;;;;
;;;;;;;;;;;;;
;;;;;;;;;;;;;
;;;;;;;;;;;;;
;;;;;;;;;;;;;
;;;;;;;;;;;;;
;;;;;;;;;;;;;
;;;;;;;;;;;;;
;;;;;;;;;;;;;
;;;;;;;;;;;;;
;;;;;;;;;;;;;
